Name,Gender
Alejandro,M
Camila,F
Mateo,M
Valentina,F
Santiago,M
Isabella,F
Nicolas,M
Sofia,F
Daniel,M
Mariana,F
Juan,M
Gabriela,F
Carlos,M
Laura,F
Andres,M
Daniela,F
David,M
Valeria,F
Jose,M
Emma,F
Sebastian,M
Antonella,F
Felipe,M
Isabel,F
Ana,F
Julian,M
Manuela,F
Luis,M
Lucia,F
Kevin,M
Luna,F
Diego,M
Maria,F
Martin,M
Valery,F
Javier,M
Alejandra,F
Adrian,M
Elena,F
Eduardo,M
Mia,F
Cristian,M
Juliana,F
Samuel,M
Vanesa,F
Oscar,M
Karla,F
Fernanda,F
Hector,M
Carolina,F
Natalia,F
Catalina,F
Esteban,M
Victoria,F
Miguel,M
Jorge,M
Ricardo,M
Sara,F
Francisco,M
Camilo,M
Manuel,M
Gabriel,F
Mauricio,M
Raul,M
Ivan,M
Gustavo,M
Alberto,M
Julieta,F